{
  "best_metric": null,
  "best_model_checkpoint": null,
  "epoch": 0.36061213910613266,
  "global_step": 500,
  "is_hyper_param_search": false,
  "is_local_process_zero": true,
  "is_world_process_zero": true,
  "log_history": [
    {
      "epoch": 0.0,
      "learning_rate": 0.01998,
      "loss": 4.287,
      "step": 1
    },
    {
      "epoch": 0.0,
      "learning_rate": 0.019960000000000002,
      "loss": 2.638,
      "step": 2
    },
    {
      "epoch": 0.0,
      "learning_rate": 0.01994,
      "loss": 2.0742,
      "step": 3
    },
    {
      "epoch": 0.0,
      "learning_rate": 0.01992,
      "loss": 1.3013,
      "step": 4
    },
    {
      "epoch": 0.0,
      "learning_rate": 0.0199,
      "loss": 0.8498,
      "step": 5
    },
    {
      "epoch": 0.0,
      "learning_rate": 0.019880000000000002,
      "loss": 0.4927,
      "step": 6
    },
    {
      "epoch": 0.01,
      "learning_rate": 0.01986,
      "loss": 0.3577,
      "step": 7
    },
    {
      "epoch": 0.01,
      "learning_rate": 0.01984,
      "loss": 0.2535,
      "step": 8
    },
    {
      "epoch": 0.01,
      "learning_rate": 0.01982,
      "loss": 0.1272,
      "step": 9
    },
    {
      "epoch": 0.01,
      "learning_rate": 0.0198,
      "loss": 0.1035,
      "step": 10
    },
    {
      "epoch": 0.01,
      "learning_rate": 0.01978,
      "loss": 0.1149,
      "step": 11
    },
    {
      "epoch": 0.01,
      "learning_rate": 0.01976,
      "loss": 0.1023,
      "step": 12
    },
    {
      "epoch": 0.01,
      "learning_rate": 0.01974,
      "loss": 0.0991,
      "step": 13
    },
    {
      "epoch": 0.01,
      "learning_rate": 0.01972,
      "loss": 0.092,
      "step": 14
    },
    {
      "epoch": 0.01,
      "learning_rate": 0.0197,
      "loss": 0.0735,
      "step": 15
    },
    {
      "epoch": 0.01,
      "learning_rate": 0.01968,
      "loss": 0.0807,
      "step": 16
    },
    {
      "epoch": 0.01,
      "learning_rate": 0.01966,
      "loss": 0.0528,
      "step": 17
    },
    {
      "epoch": 0.01,
      "learning_rate": 0.01964,
      "loss": 0.0716,
      "step": 18
    },
    {
      "epoch": 0.01,
      "learning_rate": 0.01962,
      "loss": 0.0505,
      "step": 19
    },
    {
      "epoch": 0.01,
      "learning_rate": 0.0196,
      "loss": 0.0467,
      "step": 20
    },
    {
      "epoch": 0.02,
      "learning_rate": 0.01958,
      "loss": 0.044,
      "step": 21
    },
    {
      "epoch": 0.02,
      "learning_rate": 0.01956,
      "loss": 0.0361,
      "step": 22
    },
    {
      "epoch": 0.02,
      "learning_rate": 0.01954,
      "loss": 0.0271,
      "step": 23
    },
    {
      "epoch": 0.02,
      "learning_rate": 0.01952,
      "loss": 0.0339,
      "step": 24
    },
    {
      "epoch": 0.02,
      "learning_rate": 0.0195,
      "loss": 0.0338,
      "step": 25
    },
    {
      "epoch": 0.02,
      "learning_rate": 0.01948,
      "loss": 0.0492,
      "step": 26
    },
    {
      "epoch": 0.02,
      "learning_rate": 0.01946,
      "loss": 0.0257,
      "step": 27
    },
    {
      "epoch": 0.02,
      "learning_rate": 0.01944,
      "loss": 0.0297,
      "step": 28
    },
    {
      "epoch": 0.02,
      "learning_rate": 0.01942,
      "loss": 0.0268,
      "step": 29
    },
    {
      "epoch": 0.02,
      "learning_rate": 0.0194,
      "loss": 0.023,
      "step": 30
    },
    {
      "epoch": 0.02,
      "learning_rate": 0.01938,
      "loss": 0.0401,
      "step": 31
    },
    {
      "epoch": 0.02,
      "learning_rate": 0.01936,
      "loss": 0.0435,
      "step": 32
    },
    {
      "epoch": 0.02,
      "learning_rate": 0.01934,
      "loss": 0.0249,
      "step": 33
    },
    {
      "epoch": 0.02,
      "learning_rate": 0.01932,
      "loss": 0.0341,
      "step": 34
    },
    {
      "epoch": 0.03,
      "learning_rate": 0.0193,
      "loss": 0.0158,
      "step": 35
    },
    {
      "epoch": 0.03,
      "learning_rate": 0.01928,
      "loss": 0.0241,
      "step": 36
    },
    {
      "epoch": 0.03,
      "learning_rate": 0.01926,
      "loss": 0.0212,
      "step": 37
    },
    {
      "epoch": 0.03,
      "learning_rate": 0.01924,
      "loss": 0.0131,
      "step": 38
    },
    {
      "epoch": 0.03,
      "learning_rate": 0.01922,
      "loss": 0.0255,
      "step": 39
    },
    {
      "epoch": 0.03,
      "learning_rate": 0.0192,
      "loss": 0.0102,
      "step": 40
    },
    {
      "epoch": 0.03,
      "learning_rate": 0.01918,
      "loss": 0.0431,
      "step": 41
    },
    {
      "epoch": 0.03,
      "learning_rate": 0.01916,
      "loss": 0.0155,
      "step": 42
    },
    {
      "epoch": 0.03,
      "learning_rate": 0.01914,
      "loss": 0.0096,
      "step": 43
    },
    {
      "epoch": 0.03,
      "learning_rate": 0.019119999999999998,
      "loss": 0.0178,
      "step": 44
    },
    {
      "epoch": 0.03,
      "learning_rate": 0.0191,
      "loss": 0.0163,
      "step": 45
    },
    {
      "epoch": 0.03,
      "learning_rate": 0.01908,
      "loss": 0.012,
      "step": 46
    },
    {
      "epoch": 0.03,
      "learning_rate": 0.01906,
      "loss": 0.0304,
      "step": 47
    },
    {
      "epoch": 0.03,
      "learning_rate": 0.019039999999999998,
      "loss": 0.0093,
      "step": 48
    },
    {
      "epoch": 0.04,
      "learning_rate": 0.01902,
      "loss": 0.022,
      "step": 49
    },
    {
      "epoch": 0.04,
      "learning_rate": 0.019,
      "loss": 0.0124,
      "step": 50
    },
    {
      "epoch": 0.04,
      "learning_rate": 0.01898,
      "loss": 0.0148,
      "step": 51
    },
    {
      "epoch": 0.04,
      "learning_rate": 0.01896,
      "loss": 0.0055,
      "step": 52
    },
    {
      "epoch": 0.04,
      "learning_rate": 0.01894,
      "loss": 0.0337,
      "step": 53
    },
    {
      "epoch": 0.04,
      "learning_rate": 0.01892,
      "loss": 0.0151,
      "step": 54
    },
    {
      "epoch": 0.04,
      "learning_rate": 0.0189,
      "loss": 0.009,
      "step": 55
    },
    {
      "epoch": 0.04,
      "learning_rate": 0.01888,
      "loss": 0.0231,
      "step": 56
    },
    {
      "epoch": 0.04,
      "learning_rate": 0.01886,
      "loss": 0.0209,
      "step": 57
    },
    {
      "epoch": 0.04,
      "learning_rate": 0.01884,
      "loss": 0.0139,
      "step": 58
    },
    {
      "epoch": 0.04,
      "learning_rate": 0.01882,
      "loss": 0.0124,
      "step": 59
    },
    {
      "epoch": 0.04,
      "learning_rate": 0.0188,
      "loss": 0.0122,
      "step": 60
    },
    {
      "epoch": 0.04,
      "learning_rate": 0.018779999999999998,
      "loss": 0.0091,
      "step": 61
    },
    {
      "epoch": 0.04,
      "learning_rate": 0.01876,
      "loss": 0.0124,
      "step": 62
    },
    {
      "epoch": 0.05,
      "learning_rate": 0.018740000000000003,
      "loss": 0.0236,
      "step": 63
    },
    {
      "epoch": 0.05,
      "learning_rate": 0.01872,
      "loss": 0.0555,
      "step": 64
    },
    {
      "epoch": 0.05,
      "learning_rate": 0.0187,
      "loss": 0.0169,
      "step": 65
    },
    {
      "epoch": 0.05,
      "learning_rate": 0.018680000000000002,
      "loss": 0.0087,
      "step": 66
    },
    {
      "epoch": 0.05,
      "learning_rate": 0.018660000000000003,
      "loss": 0.0125,
      "step": 67
    },
    {
      "epoch": 0.05,
      "learning_rate": 0.01864,
      "loss": 0.0107,
      "step": 68
    },
    {
      "epoch": 0.05,
      "learning_rate": 0.01862,
      "loss": 0.0172,
      "step": 69
    },
    {
      "epoch": 0.05,
      "learning_rate": 0.018600000000000002,
      "loss": 0.0396,
      "step": 70
    },
    {
      "epoch": 0.05,
      "learning_rate": 0.018580000000000003,
      "loss": 0.024,
      "step": 71
    },
    {
      "epoch": 0.05,
      "learning_rate": 0.01856,
      "loss": 0.0094,
      "step": 72
    },
    {
      "epoch": 0.05,
      "learning_rate": 0.01854,
      "loss": 0.033,
      "step": 73
    },
    {
      "epoch": 0.05,
      "learning_rate": 0.018520000000000002,
      "loss": 0.0108,
      "step": 74
    },
    {
      "epoch": 0.05,
      "learning_rate": 0.018500000000000003,
      "loss": 0.0112,
      "step": 75
    },
    {
      "epoch": 0.05,
      "learning_rate": 0.01848,
      "loss": 0.0268,
      "step": 76
    },
    {
      "epoch": 0.06,
      "learning_rate": 0.01846,
      "loss": 0.0117,
      "step": 77
    },
    {
      "epoch": 0.06,
      "learning_rate": 0.01844,
      "loss": 0.0155,
      "step": 78
    },
    {
      "epoch": 0.06,
      "learning_rate": 0.018420000000000002,
      "loss": 0.0118,
      "step": 79
    },
    {
      "epoch": 0.06,
      "learning_rate": 0.0184,
      "loss": 0.0194,
      "step": 80
    },
    {
      "epoch": 0.06,
      "learning_rate": 0.01838,
      "loss": 0.0128,
      "step": 81
    },
    {
      "epoch": 0.06,
      "learning_rate": 0.01836,
      "loss": 0.0044,
      "step": 82
    },
    {
      "epoch": 0.06,
      "learning_rate": 0.018340000000000002,
      "loss": 0.0165,
      "step": 83
    },
    {
      "epoch": 0.06,
      "learning_rate": 0.01832,
      "loss": 0.0055,
      "step": 84
    },
    {
      "epoch": 0.06,
      "learning_rate": 0.0183,
      "loss": 0.018,
      "step": 85
    },
    {
      "epoch": 0.06,
      "learning_rate": 0.01828,
      "loss": 0.0053,
      "step": 86
    },
    {
      "epoch": 0.06,
      "learning_rate": 0.018260000000000002,
      "loss": 0.0174,
      "step": 87
    },
    {
      "epoch": 0.06,
      "learning_rate": 0.018240000000000003,
      "loss": 0.0114,
      "step": 88
    },
    {
      "epoch": 0.06,
      "learning_rate": 0.01822,
      "loss": 0.0057,
      "step": 89
    },
    {
      "epoch": 0.06,
      "learning_rate": 0.0182,
      "loss": 0.0123,
      "step": 90
    },
    {
      "epoch": 0.07,
      "learning_rate": 0.01818,
      "loss": 0.0135,
      "step": 91
    },
    {
      "epoch": 0.07,
      "learning_rate": 0.018160000000000003,
      "loss": 0.0052,
      "step": 92
    },
    {
      "epoch": 0.07,
      "learning_rate": 0.01814,
      "loss": 0.0047,
      "step": 93
    },
    {
      "epoch": 0.07,
      "learning_rate": 0.01812,
      "loss": 0.0036,
      "step": 94
    },
    {
      "epoch": 0.07,
      "learning_rate": 0.0181,
      "loss": 0.0022,
      "step": 95
    },
    {
      "epoch": 0.07,
      "learning_rate": 0.018080000000000002,
      "loss": 0.0014,
      "step": 96
    },
    {
      "epoch": 0.07,
      "learning_rate": 0.01806,
      "loss": 0.0042,
      "step": 97
    },
    {
      "epoch": 0.07,
      "learning_rate": 0.01804,
      "loss": 0.0038,
      "step": 98
    },
    {
      "epoch": 0.07,
      "learning_rate": 0.01802,
      "loss": 0.0051,
      "step": 99
    },
    {
      "epoch": 0.07,
      "learning_rate": 0.018000000000000002,
      "loss": 0.0052,
      "step": 100
    },
    {
      "epoch": 0.07,
      "learning_rate": 0.01798,
      "loss": 0.0035,
      "step": 101
    },
    {
      "epoch": 0.07,
      "learning_rate": 0.01796,
      "loss": 0.0183,
      "step": 102
    },
    {
      "epoch": 0.07,
      "learning_rate": 0.01794,
      "loss": 0.007,
      "step": 103
    },
    {
      "epoch": 0.08,
      "learning_rate": 0.017920000000000002,
      "loss": 0.0082,
      "step": 104
    },
    {
      "epoch": 0.08,
      "learning_rate": 0.0179,
      "loss": 0.0016,
      "step": 105
    },
    {
      "epoch": 0.08,
      "learning_rate": 0.01788,
      "loss": 0.0021,
      "step": 106
    },
    {
      "epoch": 0.08,
      "learning_rate": 0.01786,
      "loss": 0.0121,
      "step": 107
    },
    {
      "epoch": 0.08,
      "learning_rate": 0.01784,
      "loss": 0.0015,
      "step": 108
    },
    {
      "epoch": 0.08,
      "learning_rate": 0.01782,
      "loss": 0.001,
      "step": 109
    },
    {
      "epoch": 0.08,
      "learning_rate": 0.0178,
      "loss": 0.0244,
      "step": 110
    },
    {
      "epoch": 0.08,
      "learning_rate": 0.01778,
      "loss": 0.0102,
      "step": 111
    },
    {
      "epoch": 0.08,
      "learning_rate": 0.01776,
      "loss": 0.0212,
      "step": 112
    },
    {
      "epoch": 0.08,
      "learning_rate": 0.017740000000000002,
      "loss": 0.0047,
      "step": 113
    },
    {
      "epoch": 0.08,
      "learning_rate": 0.01772,
      "loss": 0.012,
      "step": 114
    },
    {
      "epoch": 0.08,
      "learning_rate": 0.0177,
      "loss": 0.0024,
      "step": 115
    },
    {
      "epoch": 0.08,
      "learning_rate": 0.01768,
      "loss": 0.0079,
      "step": 116
    },
    {
      "epoch": 0.08,
      "learning_rate": 0.017660000000000002,
      "loss": 0.0028,
      "step": 117
    },
    {
      "epoch": 0.09,
      "learning_rate": 0.01764,
      "loss": 0.0036,
      "step": 118
    },
    {
      "epoch": 0.09,
      "learning_rate": 0.01762,
      "loss": 0.0064,
      "step": 119
    },
    {
      "epoch": 0.09,
      "learning_rate": 0.0176,
      "loss": 0.0027,
      "step": 120
    },
    {
      "epoch": 0.09,
      "learning_rate": 0.017580000000000002,
      "loss": 0.0035,
      "step": 121
    },
    {
      "epoch": 0.09,
      "learning_rate": 0.01756,
      "loss": 0.0086,
      "step": 122
    },
    {
      "epoch": 0.09,
      "learning_rate": 0.01754,
      "loss": 0.001,
      "step": 123
    },
    {
      "epoch": 0.09,
      "learning_rate": 0.01752,
      "loss": 0.0019,
      "step": 124
    },
    {
      "epoch": 0.09,
      "learning_rate": 0.0175,
      "loss": 0.0034,
      "step": 125
    },
    {
      "epoch": 0.09,
      "learning_rate": 0.01748,
      "loss": 0.0058,
      "step": 126
    },
    {
      "epoch": 0.09,
      "learning_rate": 0.01746,
      "loss": 0.0032,
      "step": 127
    },
    {
      "epoch": 0.09,
      "learning_rate": 0.01744,
      "loss": 0.0012,
      "step": 128
    },
    {
      "epoch": 0.09,
      "learning_rate": 0.01742,
      "loss": 0.0069,
      "step": 129
    },
    {
      "epoch": 0.09,
      "learning_rate": 0.0174,
      "loss": 0.0015,
      "step": 130
    },
    {
      "epoch": 0.09,
      "learning_rate": 0.01738,
      "loss": 0.0029,
      "step": 131
    },
    {
      "epoch": 0.1,
      "learning_rate": 0.01736,
      "loss": 0.0041,
      "step": 132
    },
    {
      "epoch": 0.1,
      "learning_rate": 0.01734,
      "loss": 0.0034,
      "step": 133
    },
    {
      "epoch": 0.1,
      "learning_rate": 0.01732,
      "loss": 0.0027,
      "step": 134
    },
    {
      "epoch": 0.1,
      "learning_rate": 0.0173,
      "loss": 0.0049,
      "step": 135
    },
    {
      "epoch": 0.1,
      "learning_rate": 0.01728,
      "loss": 0.0021,
      "step": 136
    },
    {
      "epoch": 0.1,
      "learning_rate": 0.01726,
      "loss": 0.0016,
      "step": 137
    },
    {
      "epoch": 0.1,
      "learning_rate": 0.017240000000000002,
      "loss": 0.0383,
      "step": 138
    },
    {
      "epoch": 0.1,
      "learning_rate": 0.01722,
      "loss": 0.0025,
      "step": 139
    },
    {
      "epoch": 0.1,
      "learning_rate": 0.0172,
      "loss": 0.0008,
      "step": 140
    },
    {
      "epoch": 0.1,
      "learning_rate": 0.01718,
      "loss": 0.0105,
      "step": 141
    },
    {
      "epoch": 0.1,
      "learning_rate": 0.01716,
      "loss": 0.0036,
      "step": 142
    },
    {
      "epoch": 0.1,
      "learning_rate": 0.01714,
      "loss": 0.0021,
      "step": 143
    },
    {
      "epoch": 0.1,
      "learning_rate": 0.01712,
      "loss": 0.0041,
      "step": 144
    },
    {
      "epoch": 0.1,
      "learning_rate": 0.0171,
      "loss": 0.004,
      "step": 145
    },
    {
      "epoch": 0.11,
      "learning_rate": 0.01708,
      "loss": 0.0008,
      "step": 146
    },
    {
      "epoch": 0.11,
      "learning_rate": 0.01706,
      "loss": 0.0008,
      "step": 147
    },
    {
      "epoch": 0.11,
      "learning_rate": 0.01704,
      "loss": 0.0008,
      "step": 148
    },
    {
      "epoch": 0.11,
      "learning_rate": 0.01702,
      "loss": 0.0236,
      "step": 149
    },
    {
      "epoch": 0.11,
      "learning_rate": 0.017,
      "loss": 0.0151,
      "step": 150
    },
    {
      "epoch": 0.11,
      "learning_rate": 0.01698,
      "loss": 0.0247,
      "step": 151
    },
    {
      "epoch": 0.11,
      "learning_rate": 0.01696,
      "loss": 0.0007,
      "step": 152
    },
    {
      "epoch": 0.11,
      "learning_rate": 0.01694,
      "loss": 0.0168,
      "step": 153
    },
    {
      "epoch": 0.11,
      "learning_rate": 0.01692,
      "loss": 0.0088,
      "step": 154
    },
    {
      "epoch": 0.11,
      "learning_rate": 0.0169,
      "loss": 0.021,
      "step": 155
    },
    {
      "epoch": 0.11,
      "learning_rate": 0.01688,
      "loss": 0.0035,
      "step": 156
    },
    {
      "epoch": 0.11,
      "learning_rate": 0.01686,
      "loss": 0.0042,
      "step": 157
    },
    {
      "epoch": 0.11,
      "learning_rate": 0.01684,
      "loss": 0.0007,
      "step": 158
    },
    {
      "epoch": 0.11,
      "learning_rate": 0.016819999999999998,
      "loss": 0.0007,
      "step": 159
    },
    {
      "epoch": 0.12,
      "learning_rate": 0.0168,
      "loss": 0.0019,
      "step": 160
    },
    {
      "epoch": 0.12,
      "learning_rate": 0.01678,
      "loss": 0.001,
      "step": 161
    },
    {
      "epoch": 0.12,
      "learning_rate": 0.01676,
      "loss": 0.0011,
      "step": 162
    },
    {
      "epoch": 0.12,
      "learning_rate": 0.01674,
      "loss": 0.0029,
      "step": 163
    },
    {
      "epoch": 0.12,
      "learning_rate": 0.01672,
      "loss": 0.0189,
      "step": 164
    },
    {
      "epoch": 0.12,
      "learning_rate": 0.0167,
      "loss": 0.0014,
      "step": 165
    },
    {
      "epoch": 0.12,
      "learning_rate": 0.01668,
      "loss": 0.0062,
      "step": 166
    },
    {
      "epoch": 0.12,
      "learning_rate": 0.01666,
      "loss": 0.0094,
      "step": 167
    },
    {
      "epoch": 0.12,
      "learning_rate": 0.01664,
      "loss": 0.0021,
      "step": 168
    },
    {
      "epoch": 0.12,
      "learning_rate": 0.01662,
      "loss": 0.0025,
      "step": 169
    },
    {
      "epoch": 0.12,
      "learning_rate": 0.0166,
      "loss": 0.0087,
      "step": 170
    },
    {
      "epoch": 0.12,
      "learning_rate": 0.01658,
      "loss": 0.0107,
      "step": 171
    },
    {
      "epoch": 0.12,
      "learning_rate": 0.01656,
      "loss": 0.0035,
      "step": 172
    },
    {
      "epoch": 0.12,
      "learning_rate": 0.01654,
      "loss": 0.0027,
      "step": 173
    },
    {
      "epoch": 0.13,
      "learning_rate": 0.01652,
      "loss": 0.0138,
      "step": 174
    },
    {
      "epoch": 0.13,
      "learning_rate": 0.0165,
      "loss": 0.0018,
      "step": 175
    },
    {
      "epoch": 0.13,
      "learning_rate": 0.016479999999999998,
      "loss": 0.0011,
      "step": 176
    },
    {
      "epoch": 0.13,
      "learning_rate": 0.01646,
      "loss": 0.0699,
      "step": 177
    },
    {
      "epoch": 0.13,
      "learning_rate": 0.01644,
      "loss": 0.0007,
      "step": 178
    },
    {
      "epoch": 0.13,
      "learning_rate": 0.01642,
      "loss": 0.001,
      "step": 179
    },
    {
      "epoch": 0.13,
      "learning_rate": 0.016399999999999998,
      "loss": 0.0056,
      "step": 180
    },
    {
      "epoch": 0.13,
      "learning_rate": 0.01638,
      "loss": 0.0048,
      "step": 181
    },
    {
      "epoch": 0.13,
      "learning_rate": 0.01636,
      "loss": 0.0116,
      "step": 182
    },
    {
      "epoch": 0.13,
      "learning_rate": 0.01634,
      "loss": 0.0038,
      "step": 183
    },
    {
      "epoch": 0.13,
      "learning_rate": 0.016319999999999998,
      "loss": 0.0011,
      "step": 184
    },
    {
      "epoch": 0.13,
      "learning_rate": 0.0163,
      "loss": 0.0014,
      "step": 185
    },
    {
      "epoch": 0.13,
      "learning_rate": 0.01628,
      "loss": 0.0019,
      "step": 186
    },
    {
      "epoch": 0.13,
      "learning_rate": 0.01626,
      "loss": 0.0026,
      "step": 187
    },
    {
      "epoch": 0.14,
      "learning_rate": 0.01624,
      "loss": 0.0011,
      "step": 188
    },
    {
      "epoch": 0.14,
      "learning_rate": 0.016220000000000002,
      "loss": 0.0048,
      "step": 189
    },
    {
      "epoch": 0.14,
      "learning_rate": 0.016200000000000003,
      "loss": 0.0033,
      "step": 190
    },
    {
      "epoch": 0.14,
      "learning_rate": 0.01618,
      "loss": 0.0021,
      "step": 191
    },
    {
      "epoch": 0.14,
      "learning_rate": 0.01616,
      "loss": 0.003,
      "step": 192
    },
    {
      "epoch": 0.14,
      "learning_rate": 0.01614,
      "loss": 0.0043,
      "step": 193
    },
    {
      "epoch": 0.14,
      "learning_rate": 0.016120000000000002,
      "loss": 0.0011,
      "step": 194
    },
    {
      "epoch": 0.14,
      "learning_rate": 0.0161,
      "loss": 0.0019,
      "step": 195
    },
    {
      "epoch": 0.14,
      "learning_rate": 0.01608,
      "loss": 0.0201,
      "step": 196
    },
    {
      "epoch": 0.14,
      "learning_rate": 0.01606,
      "loss": 0.0493,
      "step": 197
    },
    {
      "epoch": 0.14,
      "learning_rate": 0.016040000000000002,
      "loss": 0.0018,
      "step": 198
    },
    {
      "epoch": 0.14,
      "learning_rate": 0.01602,
      "loss": 0.004,
      "step": 199
    },
    {
      "epoch": 0.14,
      "learning_rate": 0.016,
      "loss": 0.0022,
      "step": 200
    },
    {
      "epoch": 0.14,
      "learning_rate": 0.01598,
      "loss": 0.0032,
      "step": 201
    },
    {
      "epoch": 0.15,
      "learning_rate": 0.015960000000000002,
      "loss": 0.0064,
      "step": 202
    },
    {
      "epoch": 0.15,
      "learning_rate": 0.015940000000000003,
      "loss": 0.0083,
      "step": 203
    },
    {
      "epoch": 0.15,
      "learning_rate": 0.01592,
      "loss": 0.0014,
      "step": 204
    },
    {
      "epoch": 0.15,
      "learning_rate": 0.0159,
      "loss": 0.0019,
      "step": 205
    },
    {
      "epoch": 0.15,
      "learning_rate": 0.015880000000000002,
      "loss": 0.0147,
      "step": 206
    },
    {
      "epoch": 0.15,
      "learning_rate": 0.015860000000000003,
      "loss": 0.0009,
      "step": 207
    },
    {
      "epoch": 0.15,
      "learning_rate": 0.01584,
      "loss": 0.0006,
      "step": 208
    },
    {
      "epoch": 0.15,
      "learning_rate": 0.01582,
      "loss": 0.0025,
      "step": 209
    },
    {
      "epoch": 0.15,
      "learning_rate": 0.0158,
      "loss": 0.0013,
      "step": 210
    },
    {
      "epoch": 0.15,
      "learning_rate": 0.015780000000000002,
      "loss": 0.0016,
      "step": 211
    },
    {
      "epoch": 0.15,
      "learning_rate": 0.01576,
      "loss": 0.0036,
      "step": 212
    },
    {
      "epoch": 0.15,
      "learning_rate": 0.01574,
      "loss": 0.012,
      "step": 213
    },
    {
      "epoch": 0.15,
      "learning_rate": 0.01572,
      "loss": 0.001,
      "step": 214
    },
    {
      "epoch": 0.16,
      "learning_rate": 0.015700000000000002,
      "loss": 0.0015,
      "step": 215
    },
    {
      "epoch": 0.16,
      "learning_rate": 0.01568,
      "loss": 0.0018,
      "step": 216
    },
    {
      "epoch": 0.16,
      "learning_rate": 0.01566,
      "loss": 0.0081,
      "step": 217
    },
    {
      "epoch": 0.16,
      "learning_rate": 0.01564,
      "loss": 0.0054,
      "step": 218
    },
    {
      "epoch": 0.16,
      "learning_rate": 0.01562,
      "loss": 0.0012,
      "step": 219
    },
    {
      "epoch": 0.16,
      "learning_rate": 0.015600000000000001,
      "loss": 0.001,
      "step": 220
    },
    {
      "epoch": 0.16,
      "learning_rate": 0.01558,
      "loss": 0.0006,
      "step": 221
    },
    {
      "epoch": 0.16,
      "learning_rate": 0.015560000000000001,
      "loss": 0.0005,
      "step": 222
    },
    {
      "epoch": 0.16,
      "learning_rate": 0.01554,
      "loss": 0.0008,
      "step": 223
    },
    {
      "epoch": 0.16,
      "learning_rate": 0.01552,
      "loss": 0.0005,
      "step": 224
    },
    {
      "epoch": 0.16,
      "learning_rate": 0.015500000000000002,
      "loss": 0.0009,
      "step": 225
    },
    {
      "epoch": 0.16,
      "learning_rate": 0.01548,
      "loss": 0.0014,
      "step": 226
    },
    {
      "epoch": 0.16,
      "learning_rate": 0.015460000000000002,
      "loss": 0.0007,
      "step": 227
    },
    {
      "epoch": 0.16,
      "learning_rate": 0.01544,
      "loss": 0.0004,
      "step": 228
    },
    {
      "epoch": 0.17,
      "learning_rate": 0.015420000000000001,
      "loss": 0.0033,
      "step": 229
    },
    {
      "epoch": 0.17,
      "learning_rate": 0.0154,
      "loss": 0.0016,
      "step": 230
    },
    {
      "epoch": 0.17,
      "learning_rate": 0.015380000000000001,
      "loss": 0.0067,
      "step": 231
    },
    {
      "epoch": 0.17,
      "learning_rate": 0.01536,
      "loss": 0.0007,
      "step": 232
    },
    {
      "epoch": 0.17,
      "learning_rate": 0.015340000000000001,
      "loss": 0.0009,
      "step": 233
    },
    {
      "epoch": 0.17,
      "learning_rate": 0.01532,
      "loss": 0.0008,
      "step": 234
    },
    {
      "epoch": 0.17,
      "learning_rate": 0.015300000000000001,
      "loss": 0.0008,
      "step": 235
    },
    {
      "epoch": 0.17,
      "learning_rate": 0.01528,
      "loss": 0.0036,
      "step": 236
    },
    {
      "epoch": 0.17,
      "learning_rate": 0.015260000000000001,
      "loss": 0.0009,
      "step": 237
    },
    {
      "epoch": 0.17,
      "learning_rate": 0.01524,
      "loss": 0.0011,
      "step": 238
    },
    {
      "epoch": 0.17,
      "learning_rate": 0.015220000000000001,
      "loss": 0.0144,
      "step": 239
    },
    {
      "epoch": 0.17,
      "learning_rate": 0.0152,
      "loss": 0.0011,
      "step": 240
    },
    {
      "epoch": 0.17,
      "learning_rate": 0.01518,
      "loss": 0.0005,
      "step": 241
    },
    {
      "epoch": 0.17,
      "learning_rate": 0.01516,
      "loss": 0.0139,
      "step": 242
    },
    {
      "epoch": 0.18,
      "learning_rate": 0.01514,
      "loss": 0.0004,
      "step": 243
    },
    {
      "epoch": 0.18,
      "learning_rate": 0.01512,
      "loss": 0.0014,
      "step": 244
    },
    {
      "epoch": 0.18,
      "learning_rate": 0.0151,
      "loss": 0.0011,
      "step": 245
    },
    {
      "epoch": 0.18,
      "learning_rate": 0.01508,
      "loss": 0.0114,
      "step": 246
    },
    {
      "epoch": 0.18,
      "learning_rate": 0.01506,
      "loss": 0.017,
      "step": 247
    },
    {
      "epoch": 0.18,
      "learning_rate": 0.01504,
      "loss": 0.0231,
      "step": 248
    },
    {
      "epoch": 0.18,
      "learning_rate": 0.01502,
      "loss": 0.0244,
      "step": 249
    },
    {
      "epoch": 0.18,
      "learning_rate": 0.015,
      "loss": 0.0018,
      "step": 250
    },
    {
      "epoch": 0.18,
      "learning_rate": 0.01498,
      "loss": 0.0244,
      "step": 251
    },
    {
      "epoch": 0.18,
      "learning_rate": 0.014960000000000001,
      "loss": 0.0078,
      "step": 252
    },
    {
      "epoch": 0.18,
      "learning_rate": 0.01494,
      "loss": 0.0085,
      "step": 253
    },
    {
      "epoch": 0.18,
      "learning_rate": 0.014920000000000001,
      "loss": 0.0024,
      "step": 254
    },
    {
      "epoch": 0.18,
      "learning_rate": 0.0149,
      "loss": 0.003,
      "step": 255
    },
    {
      "epoch": 0.18,
      "learning_rate": 0.01488,
      "loss": 0.0094,
      "step": 256
    },
    {
      "epoch": 0.19,
      "learning_rate": 0.01486,
      "loss": 0.0014,
      "step": 257
    },
    {
      "epoch": 0.19,
      "learning_rate": 0.01484,
      "loss": 0.0027,
      "step": 258
    },
    {
      "epoch": 0.19,
      "learning_rate": 0.01482,
      "loss": 0.0026,
      "step": 259
    },
    {
      "epoch": 0.19,
      "learning_rate": 0.0148,
      "loss": 0.0028,
      "step": 260
    },
    {
      "epoch": 0.19,
      "learning_rate": 0.01478,
      "loss": 0.0061,
      "step": 261
    },
    {
      "epoch": 0.19,
      "learning_rate": 0.01476,
      "loss": 0.013,
      "step": 262
    },
    {
      "epoch": 0.19,
      "learning_rate": 0.01474,
      "loss": 0.0031,
      "step": 263
    },
    {
      "epoch": 0.19,
      "learning_rate": 0.01472,
      "loss": 0.0086,
      "step": 264
    },
    {
      "epoch": 0.19,
      "learning_rate": 0.0147,
      "loss": 0.0055,
      "step": 265
    },
    {
      "epoch": 0.19,
      "learning_rate": 0.01468,
      "loss": 0.006,
      "step": 266
    },
    {
      "epoch": 0.19,
      "learning_rate": 0.01466,
      "loss": 0.0017,
      "step": 267
    },
    {
      "epoch": 0.19,
      "learning_rate": 0.01464,
      "loss": 0.0086,
      "step": 268
    },
    {
      "epoch": 0.19,
      "learning_rate": 0.01462,
      "loss": 0.0125,
      "step": 269
    },
    {
      "epoch": 0.19,
      "learning_rate": 0.0146,
      "loss": 0.0116,
      "step": 270
    },
    {
      "epoch": 0.2,
      "learning_rate": 0.01458,
      "loss": 0.001,
      "step": 271
    },
    {
      "epoch": 0.2,
      "learning_rate": 0.01456,
      "loss": 0.0005,
      "step": 272
    },
    {
      "epoch": 0.2,
      "learning_rate": 0.014539999999999999,
      "loss": 0.0017,
      "step": 273
    },
    {
      "epoch": 0.2,
      "learning_rate": 0.01452,
      "loss": 0.0057,
      "step": 274
    },
    {
      "epoch": 0.2,
      "learning_rate": 0.014499999999999999,
      "loss": 0.0018,
      "step": 275
    },
    {
      "epoch": 0.2,
      "learning_rate": 0.01448,
      "loss": 0.0012,
      "step": 276
    },
    {
      "epoch": 0.2,
      "learning_rate": 0.01446,
      "loss": 0.0046,
      "step": 277
    },
    {
      "epoch": 0.2,
      "learning_rate": 0.01444,
      "loss": 0.0011,
      "step": 278
    },
    {
      "epoch": 0.2,
      "learning_rate": 0.01442,
      "loss": 0.0009,
      "step": 279
    },
    {
      "epoch": 0.2,
      "learning_rate": 0.0144,
      "loss": 0.0005,
      "step": 280
    },
    {
      "epoch": 0.2,
      "learning_rate": 0.01438,
      "loss": 0.0008,
      "step": 281
    },
    {
      "epoch": 0.2,
      "learning_rate": 0.01436,
      "loss": 0.0016,
      "step": 282
    },
    {
      "epoch": 0.2,
      "learning_rate": 0.01434,
      "loss": 0.0015,
      "step": 283
    },
    {
      "epoch": 0.2,
      "learning_rate": 0.01432,
      "loss": 0.0005,
      "step": 284
    },
    {
      "epoch": 0.21,
      "learning_rate": 0.0143,
      "loss": 0.0011,
      "step": 285
    },
    {
      "epoch": 0.21,
      "learning_rate": 0.01428,
      "loss": 0.0034,
      "step": 286
    },
    {
      "epoch": 0.21,
      "learning_rate": 0.01426,
      "loss": 0.0272,
      "step": 287
    },
    {
      "epoch": 0.21,
      "learning_rate": 0.01424,
      "loss": 0.0006,
      "step": 288
    },
    {
      "epoch": 0.21,
      "learning_rate": 0.01422,
      "loss": 0.001,
      "step": 289
    },
    {
      "epoch": 0.21,
      "learning_rate": 0.014199999999999999,
      "loss": 0.0008,
      "step": 290
    },
    {
      "epoch": 0.21,
      "learning_rate": 0.01418,
      "loss": 0.002,
      "step": 291
    },
    {
      "epoch": 0.21,
      "learning_rate": 0.014159999999999999,
      "loss": 0.0094,
      "step": 292
    },
    {
      "epoch": 0.21,
      "learning_rate": 0.01414,
      "loss": 0.0007,
      "step": 293
    },
    {
      "epoch": 0.21,
      "learning_rate": 0.014119999999999999,
      "loss": 0.0007,
      "step": 294
    },
    {
      "epoch": 0.21,
      "learning_rate": 0.0141,
      "loss": 0.0042,
      "step": 295
    },
    {
      "epoch": 0.21,
      "learning_rate": 0.014079999999999999,
      "loss": 0.0102,
      "step": 296
    },
    {
      "epoch": 0.21,
      "learning_rate": 0.01406,
      "loss": 0.0008,
      "step": 297
    },
    {
      "epoch": 0.21,
      "learning_rate": 0.014039999999999999,
      "loss": 0.0009,
      "step": 298
    },
    {
      "epoch": 0.22,
      "learning_rate": 0.01402,
      "loss": 0.0005,
      "step": 299
    },
    {
      "epoch": 0.22,
      "learning_rate": 0.013999999999999999,
      "loss": 0.0005,
      "step": 300
    },
    {
      "epoch": 0.22,
      "learning_rate": 0.01398,
      "loss": 0.0026,
      "step": 301
    },
    {
      "epoch": 0.22,
      "learning_rate": 0.01396,
      "loss": 0.0027,
      "step": 302
    },
    {
      "epoch": 0.22,
      "learning_rate": 0.01394,
      "loss": 0.0007,
      "step": 303
    },
    {
      "epoch": 0.22,
      "learning_rate": 0.01392,
      "loss": 0.0292,
      "step": 304
    },
    {
      "epoch": 0.22,
      "learning_rate": 0.0139,
      "loss": 0.0056,
      "step": 305
    },
    {
      "epoch": 0.22,
      "learning_rate": 0.01388,
      "loss": 0.0031,
      "step": 306
    },
    {
      "epoch": 0.22,
      "learning_rate": 0.013859999999999999,
      "loss": 0.0015,
      "step": 307
    },
    {
      "epoch": 0.22,
      "learning_rate": 0.01384,
      "loss": 0.0019,
      "step": 308
    },
    {
      "epoch": 0.22,
      "learning_rate": 0.013819999999999999,
      "loss": 0.0024,
      "step": 309
    },
    {
      "epoch": 0.22,
      "learning_rate": 0.0138,
      "loss": 0.0031,
      "step": 310
    },
    {
      "epoch": 0.22,
      "learning_rate": 0.013779999999999999,
      "loss": 0.0003,
      "step": 311
    },
    {
      "epoch": 0.23,
      "learning_rate": 0.01376,
      "loss": 0.0054,
      "step": 312
    },
    {
      "epoch": 0.23,
      "learning_rate": 0.013740000000000002,
      "loss": 0.0004,
      "step": 313
    },
    {
      "epoch": 0.23,
      "learning_rate": 0.013720000000000001,
      "loss": 0.0009,
      "step": 314
    },
    {
      "epoch": 0.23,
      "learning_rate": 0.013700000000000002,
      "loss": 0.0042,
      "step": 315
    },
    {
      "epoch": 0.23,
      "learning_rate": 0.013680000000000001,
      "loss": 0.0009,
      "step": 316
    },
    {
      "epoch": 0.23,
      "learning_rate": 0.013660000000000002,
      "loss": 0.004,
      "step": 317
    },
    {
      "epoch": 0.23,
      "learning_rate": 0.013640000000000001,
      "loss": 0.0005,
      "step": 318
    },
    {
      "epoch": 0.23,
      "learning_rate": 0.013620000000000002,
      "loss": 0.0051,
      "step": 319
    },
    {
      "epoch": 0.23,
      "learning_rate": 0.013600000000000001,
      "loss": 0.0097,
      "step": 320
    },
    {
      "epoch": 0.23,
      "learning_rate": 0.013580000000000002,
      "loss": 0.0024,
      "step": 321
    },
    {
      "epoch": 0.23,
      "learning_rate": 0.013560000000000001,
      "loss": 0.0057,
      "step": 322
    },
    {
      "epoch": 0.23,
      "learning_rate": 0.013540000000000002,
      "loss": 0.0005,
      "step": 323
    },
    {
      "epoch": 0.23,
      "learning_rate": 0.01352,
      "loss": 0.0009,
      "step": 324
    },
    {
      "epoch": 0.23,
      "learning_rate": 0.013500000000000002,
      "loss": 0.0192,
      "step": 325
    },
    {
      "epoch": 0.24,
      "learning_rate": 0.01348,
      "loss": 0.0009,
      "step": 326
    },
    {
      "epoch": 0.24,
      "learning_rate": 0.013460000000000001,
      "loss": 0.0044,
      "step": 327
    },
    {
      "epoch": 0.24,
      "learning_rate": 0.01344,
      "loss": 0.0024,
      "step": 328
    },
    {
      "epoch": 0.24,
      "learning_rate": 0.013420000000000001,
      "loss": 0.0004,
      "step": 329
    },
    {
      "epoch": 0.24,
      "learning_rate": 0.0134,
      "loss": 0.0005,
      "step": 330
    },
    {
      "epoch": 0.24,
      "learning_rate": 0.013380000000000001,
      "loss": 0.004,
      "step": 331
    },
    {
      "epoch": 0.24,
      "learning_rate": 0.01336,
      "loss": 0.0005,
      "step": 332
    },
    {
      "epoch": 0.24,
      "learning_rate": 0.013340000000000001,
      "loss": 0.0015,
      "step": 333
    },
    {
      "epoch": 0.24,
      "learning_rate": 0.01332,
      "loss": 0.0012,
      "step": 334
    },
    {
      "epoch": 0.24,
      "learning_rate": 0.013300000000000001,
      "loss": 0.0006,
      "step": 335
    },
    {
      "epoch": 0.24,
      "learning_rate": 0.01328,
      "loss": 0.0014,
      "step": 336
    },
    {
      "epoch": 0.24,
      "learning_rate": 0.013260000000000001,
      "loss": 0.035,
      "step": 337
    },
    {
      "epoch": 0.24,
      "learning_rate": 0.013240000000000002,
      "loss": 0.0011,
      "step": 338
    },
    {
      "epoch": 0.24,
      "learning_rate": 0.01322,
      "loss": 0.0026,
      "step": 339
    },
    {
      "epoch": 0.25,
      "learning_rate": 0.013200000000000002,
      "loss": 0.0027,
      "step": 340
    },
    {
      "epoch": 0.25,
      "learning_rate": 0.01318,
      "loss": 0.0067,
      "step": 341
    },
    {
      "epoch": 0.25,
      "learning_rate": 0.013160000000000002,
      "loss": 0.0061,
      "step": 342
    },
    {
      "epoch": 0.25,
      "learning_rate": 0.01314,
      "loss": 0.0013,
      "step": 343
    },
    {
      "epoch": 0.25,
      "learning_rate": 0.013120000000000001,
      "loss": 0.0008,
      "step": 344
    },
    {
      "epoch": 0.25,
      "learning_rate": 0.0131,
      "loss": 0.0103,
      "step": 345
    },
    {
      "epoch": 0.25,
      "learning_rate": 0.013080000000000001,
      "loss": 0.001,
      "step": 346
    },
    {
      "epoch": 0.25,
      "learning_rate": 0.01306,
      "loss": 0.0098,
      "step": 347
    },
    {
      "epoch": 0.25,
      "learning_rate": 0.013040000000000001,
      "loss": 0.0013,
      "step": 348
    },
    {
      "epoch": 0.25,
      "learning_rate": 0.01302,
      "loss": 0.0014,
      "step": 349
    },
    {
      "epoch": 0.25,
      "learning_rate": 0.013000000000000001,
      "loss": 0.0011,
      "step": 350
    },
    {
      "epoch": 0.25,
      "learning_rate": 0.01298,
      "loss": 0.0042,
      "step": 351
    },
    {
      "epoch": 0.25,
      "learning_rate": 0.012960000000000001,
      "loss": 0.0009,
      "step": 352
    },
    {
      "epoch": 0.25,
      "learning_rate": 0.01294,
      "loss": 0.0011,
      "step": 353
    },
    {
      "epoch": 0.26,
      "learning_rate": 0.012920000000000001,
      "loss": 0.0007,
      "step": 354
    },
    {
      "epoch": 0.26,
      "learning_rate": 0.0129,
      "loss": 0.0014,
      "step": 355
    },
    {
      "epoch": 0.26,
      "learning_rate": 0.01288,
      "loss": 0.0007,
      "step": 356
    },
    {
      "epoch": 0.26,
      "learning_rate": 0.01286,
      "loss": 0.0013,
      "step": 357
    },
    {
      "epoch": 0.26,
      "learning_rate": 0.01284,
      "loss": 0.0006,
      "step": 358
    },
    {
      "epoch": 0.26,
      "learning_rate": 0.01282,
      "loss": 0.0036,
      "step": 359
    },
    {
      "epoch": 0.26,
      "learning_rate": 0.0128,
      "loss": 0.0009,
      "step": 360
    },
    {
      "epoch": 0.26,
      "learning_rate": 0.01278,
      "loss": 0.0014,
      "step": 361
    },
    {
      "epoch": 0.26,
      "learning_rate": 0.01276,
      "loss": 0.0088,
      "step": 362
    },
    {
      "epoch": 0.26,
      "learning_rate": 0.012740000000000001,
      "loss": 0.004,
      "step": 363
    },
    {
      "epoch": 0.26,
      "learning_rate": 0.01272,
      "loss": 0.0026,
      "step": 364
    },
    {
      "epoch": 0.26,
      "learning_rate": 0.012700000000000001,
      "loss": 0.0006,
      "step": 365
    },
    {
      "epoch": 0.26,
      "learning_rate": 0.01268,
      "loss": 0.0005,
      "step": 366
    },
    {
      "epoch": 0.26,
      "learning_rate": 0.012660000000000001,
      "loss": 0.0011,
      "step": 367
    },
    {
      "epoch": 0.27,
      "learning_rate": 0.01264,
      "loss": 0.0121,
      "step": 368
    },
    {
      "epoch": 0.27,
      "learning_rate": 0.012620000000000001,
      "loss": 0.0053,
      "step": 369
    },
    {
      "epoch": 0.27,
      "learning_rate": 0.0126,
      "loss": 0.0005,
      "step": 370
    },
    {
      "epoch": 0.27,
      "learning_rate": 0.012580000000000001,
      "loss": 0.0054,
      "step": 371
    },
    {
      "epoch": 0.27,
      "learning_rate": 0.01256,
      "loss": 0.0381,
      "step": 372
    },
    {
      "epoch": 0.27,
      "learning_rate": 0.01254,
      "loss": 0.0029,
      "step": 373
    },
    {
      "epoch": 0.27,
      "learning_rate": 0.01252,
      "loss": 0.0004,
      "step": 374
    },
    {
      "epoch": 0.27,
      "learning_rate": 0.0125,
      "loss": 0.002,
      "step": 375
    },
    {
      "epoch": 0.27,
      "learning_rate": 0.01248,
      "loss": 0.0005,
      "step": 376
    },
    {
      "epoch": 0.27,
      "learning_rate": 0.01246,
      "loss": 0.0083,
      "step": 377
    },
    {
      "epoch": 0.27,
      "learning_rate": 0.01244,
      "loss": 0.0005,
      "step": 378
    },
    {
      "epoch": 0.27,
      "learning_rate": 0.01242,
      "loss": 0.0014,
      "step": 379
    },
    {
      "epoch": 0.27,
      "learning_rate": 0.0124,
      "loss": 0.0015,
      "step": 380
    },
    {
      "epoch": 0.27,
      "learning_rate": 0.01238,
      "loss": 0.0034,
      "step": 381
    },
    {
      "epoch": 0.28,
      "learning_rate": 0.01236,
      "loss": 0.0032,
      "step": 382
    },
    {
      "epoch": 0.28,
      "learning_rate": 0.01234,
      "loss": 0.0057,
      "step": 383
    },
    {
      "epoch": 0.28,
      "learning_rate": 0.01232,
      "loss": 0.0013,
      "step": 384
    },
    {
      "epoch": 0.28,
      "learning_rate": 0.0123,
      "loss": 0.0012,
      "step": 385
    },
    {
      "epoch": 0.28,
      "learning_rate": 0.01228,
      "loss": 0.0018,
      "step": 386
    },
    {
      "epoch": 0.28,
      "learning_rate": 0.01226,
      "loss": 0.0082,
      "step": 387
    },
    {
      "epoch": 0.28,
      "learning_rate": 0.012240000000000001,
      "loss": 0.0009,
      "step": 388
    },
    {
      "epoch": 0.28,
      "learning_rate": 0.01222,
      "loss": 0.0257,
      "step": 389
    },
    {
      "epoch": 0.28,
      "learning_rate": 0.0122,
      "loss": 0.0009,
      "step": 390
    },
    {
      "epoch": 0.28,
      "learning_rate": 0.01218,
      "loss": 0.0226,
      "step": 391
    },
    {
      "epoch": 0.28,
      "learning_rate": 0.01216,
      "loss": 0.0013,
      "step": 392
    },
    {
      "epoch": 0.28,
      "learning_rate": 0.01214,
      "loss": 0.0019,
      "step": 393
    },
    {
      "epoch": 0.28,
      "learning_rate": 0.01212,
      "loss": 0.0025,
      "step": 394
    },
    {
      "epoch": 0.28,
      "learning_rate": 0.0121,
      "loss": 0.0005,
      "step": 395
    },
    {
      "epoch": 0.29,
      "learning_rate": 0.01208,
      "loss": 0.0089,
      "step": 396
    },
    {
      "epoch": 0.29,
      "learning_rate": 0.01206,
      "loss": 0.0015,
      "step": 397
    },
    {
      "epoch": 0.29,
      "learning_rate": 0.01204,
      "loss": 0.0019,
      "step": 398
    },
    {
      "epoch": 0.29,
      "learning_rate": 0.01202,
      "loss": 0.0041,
      "step": 399
    },
    {
      "epoch": 0.29,
      "learning_rate": 0.012,
      "loss": 0.0025,
      "step": 400
    },
    {
      "epoch": 0.29,
      "learning_rate": 0.01198,
      "loss": 0.0034,
      "step": 401
    },
    {
      "epoch": 0.29,
      "learning_rate": 0.01196,
      "loss": 0.0069,
      "step": 402
    },
    {
      "epoch": 0.29,
      "learning_rate": 0.01194,
      "loss": 0.0006,
      "step": 403
    },
    {
      "epoch": 0.29,
      "learning_rate": 0.01192,
      "loss": 0.0013,
      "step": 404
    },
    {
      "epoch": 0.29,
      "learning_rate": 0.011899999999999999,
      "loss": 0.0005,
      "step": 405
    },
    {
      "epoch": 0.29,
      "learning_rate": 0.01188,
      "loss": 0.0032,
      "step": 406
    },
    {
      "epoch": 0.29,
      "learning_rate": 0.011859999999999999,
      "loss": 0.009,
      "step": 407
    },
    {
      "epoch": 0.29,
      "learning_rate": 0.01184,
      "loss": 0.0007,
      "step": 408
    },
    {
      "epoch": 0.29,
      "learning_rate": 0.011819999999999999,
      "loss": 0.0005,
      "step": 409
    },
    {
      "epoch": 0.3,
      "learning_rate": 0.0118,
      "loss": 0.0007,
      "step": 410
    },
    {
      "epoch": 0.3,
      "learning_rate": 0.011779999999999999,
      "loss": 0.001,
      "step": 411
    },
    {
      "epoch": 0.3,
      "learning_rate": 0.01176,
      "loss": 0.001,
      "step": 412
    },
    {
      "epoch": 0.3,
      "learning_rate": 0.01174,
      "loss": 0.0006,
      "step": 413
    },
    {
      "epoch": 0.3,
      "learning_rate": 0.01172,
      "loss": 0.0215,
      "step": 414
    },
    {
      "epoch": 0.3,
      "learning_rate": 0.0117,
      "loss": 0.0079,
      "step": 415
    },
    {
      "epoch": 0.3,
      "learning_rate": 0.01168,
      "loss": 0.0014,
      "step": 416
    },
    {
      "epoch": 0.3,
      "learning_rate": 0.01166,
      "loss": 0.0033,
      "step": 417
    },
    {
      "epoch": 0.3,
      "learning_rate": 0.01164,
      "loss": 0.0011,
      "step": 418
    },
    {
      "epoch": 0.3,
      "learning_rate": 0.01162,
      "loss": 0.0107,
      "step": 419
    },
    {
      "epoch": 0.3,
      "learning_rate": 0.0116,
      "loss": 0.0035,
      "step": 420
    },
    {
      "epoch": 0.3,
      "learning_rate": 0.01158,
      "loss": 0.0168,
      "step": 421
    },
    {
      "epoch": 0.3,
      "learning_rate": 0.011559999999999999,
      "loss": 0.0032,
      "step": 422
    },
    {
      "epoch": 0.31,
      "learning_rate": 0.01154,
      "loss": 0.0008,
      "step": 423
    },
    {
      "epoch": 0.31,
      "learning_rate": 0.011519999999999999,
      "loss": 0.0041,
      "step": 424
    },
    {
      "epoch": 0.31,
      "learning_rate": 0.0115,
      "loss": 0.0082,
      "step": 425
    },
    {
      "epoch": 0.31,
      "learning_rate": 0.011479999999999999,
      "loss": 0.0006,
      "step": 426
    },
    {
      "epoch": 0.31,
      "learning_rate": 0.01146,
      "loss": 0.0005,
      "step": 427
    },
    {
      "epoch": 0.31,
      "learning_rate": 0.011439999999999999,
      "loss": 0.0004,
      "step": 428
    },
    {
      "epoch": 0.31,
      "learning_rate": 0.01142,
      "loss": 0.0062,
      "step": 429
    },
    {
      "epoch": 0.31,
      "learning_rate": 0.011399999999999999,
      "loss": 0.0021,
      "step": 430
    },
    {
      "epoch": 0.31,
      "learning_rate": 0.01138,
      "loss": 0.0007,
      "step": 431
    },
    {
      "epoch": 0.31,
      "learning_rate": 0.011359999999999999,
      "loss": 0.0009,
      "step": 432
    },
    {
      "epoch": 0.31,
      "learning_rate": 0.01134,
      "loss": 0.0005,
      "step": 433
    },
    {
      "epoch": 0.31,
      "learning_rate": 0.011319999999999998,
      "loss": 0.0158,
      "step": 434
    },
    {
      "epoch": 0.31,
      "learning_rate": 0.0113,
      "loss": 0.0005,
      "step": 435
    },
    {
      "epoch": 0.31,
      "learning_rate": 0.011279999999999998,
      "loss": 0.0015,
      "step": 436
    },
    {
      "epoch": 0.32,
      "learning_rate": 0.01126,
      "loss": 0.0004,
      "step": 437
    },
    {
      "epoch": 0.32,
      "learning_rate": 0.011240000000000002,
      "loss": 0.0037,
      "step": 438
    },
    {
      "epoch": 0.32,
      "learning_rate": 0.01122,
      "loss": 0.0012,
      "step": 439
    },
    {
      "epoch": 0.32,
      "learning_rate": 0.011200000000000002,
      "loss": 0.0008,
      "step": 440
    },
    {
      "epoch": 0.32,
      "learning_rate": 0.01118,
      "loss": 0.0014,
      "step": 441
    },
    {
      "epoch": 0.32,
      "learning_rate": 0.011160000000000002,
      "loss": 0.0008,
      "step": 442
    },
    {
      "epoch": 0.32,
      "learning_rate": 0.01114,
      "loss": 0.0006,
      "step": 443
    },
    {
      "epoch": 0.32,
      "learning_rate": 0.011120000000000001,
      "loss": 0.0007,
      "step": 444
    },
    {
      "epoch": 0.32,
      "learning_rate": 0.0111,
      "loss": 0.0004,
      "step": 445
    },
    {
      "epoch": 0.32,
      "learning_rate": 0.011080000000000001,
      "loss": 0.0005,
      "step": 446
    },
    {
      "epoch": 0.32,
      "learning_rate": 0.01106,
      "loss": 0.0049,
      "step": 447
    },
    {
      "epoch": 0.32,
      "learning_rate": 0.011040000000000001,
      "loss": 0.0008,
      "step": 448
    },
    {
      "epoch": 0.32,
      "learning_rate": 0.01102,
      "loss": 0.0007,
      "step": 449
    },
    {
      "epoch": 0.32,
      "learning_rate": 0.011000000000000001,
      "loss": 0.0017,
      "step": 450
    },
    {
      "epoch": 0.33,
      "learning_rate": 0.010980000000000002,
      "loss": 0.0022,
      "step": 451
    },
    {
      "epoch": 0.33,
      "learning_rate": 0.010960000000000001,
      "loss": 0.0016,
      "step": 452
    },
    {
      "epoch": 0.33,
      "learning_rate": 0.010940000000000002,
      "loss": 0.0024,
      "step": 453
    },
    {
      "epoch": 0.33,
      "learning_rate": 0.010920000000000001,
      "loss": 0.002,
      "step": 454
    },
    {
      "epoch": 0.33,
      "learning_rate": 0.010900000000000002,
      "loss": 0.0013,
      "step": 455
    },
    {
      "epoch": 0.33,
      "learning_rate": 0.01088,
      "loss": 0.0022,
      "step": 456
    },
    {
      "epoch": 0.33,
      "learning_rate": 0.010860000000000002,
      "loss": 0.0016,
      "step": 457
    },
    {
      "epoch": 0.33,
      "learning_rate": 0.01084,
      "loss": 0.0007,
      "step": 458
    },
    {
      "epoch": 0.33,
      "learning_rate": 0.010820000000000001,
      "loss": 0.0007,
      "step": 459
    },
    {
      "epoch": 0.33,
      "learning_rate": 0.0108,
      "loss": 0.0004,
      "step": 460
    },
    {
      "epoch": 0.33,
      "learning_rate": 0.010780000000000001,
      "loss": 0.0005,
      "step": 461
    },
    {
      "epoch": 0.33,
      "learning_rate": 0.01076,
      "loss": 0.001,
      "step": 462
    },
    {
      "epoch": 0.33,
      "learning_rate": 0.010740000000000001,
      "loss": 0.0005,
      "step": 463
    },
    {
      "epoch": 0.33,
      "learning_rate": 0.01072,
      "loss": 0.0005,
      "step": 464
    },
    {
      "epoch": 0.34,
      "learning_rate": 0.010700000000000001,
      "loss": 0.0003,
      "step": 465
    },
    {
      "epoch": 0.34,
      "learning_rate": 0.01068,
      "loss": 0.0004,
      "step": 466
    },
    {
      "epoch": 0.34,
      "learning_rate": 0.010660000000000001,
      "loss": 0.0005,
      "step": 467
    },
    {
      "epoch": 0.34,
      "learning_rate": 0.01064,
      "loss": 0.0009,
      "step": 468
    },
    {
      "epoch": 0.34,
      "learning_rate": 0.010620000000000001,
      "loss": 0.0013,
      "step": 469
    },
    {
      "epoch": 0.34,
      "learning_rate": 0.0106,
      "loss": 0.0005,
      "step": 470
    },
    {
      "epoch": 0.34,
      "learning_rate": 0.01058,
      "loss": 0.0014,
      "step": 471
    },
    {
      "epoch": 0.34,
      "learning_rate": 0.01056,
      "loss": 0.0045,
      "step": 472
    },
    {
      "epoch": 0.34,
      "learning_rate": 0.01054,
      "loss": 0.0005,
      "step": 473
    },
    {
      "epoch": 0.34,
      "learning_rate": 0.01052,
      "loss": 0.0003,
      "step": 474
    },
    {
      "epoch": 0.34,
      "learning_rate": 0.0105,
      "loss": 0.0006,
      "step": 475
    },
    {
      "epoch": 0.34,
      "learning_rate": 0.010480000000000001,
      "loss": 0.0003,
      "step": 476
    },
    {
      "epoch": 0.34,
      "learning_rate": 0.01046,
      "loss": 0.0003,
      "step": 477
    },
    {
      "epoch": 0.34,
      "learning_rate": 0.010440000000000001,
      "loss": 0.0006,
      "step": 478
    },
    {
      "epoch": 0.35,
      "learning_rate": 0.01042,
      "loss": 0.0025,
      "step": 479
    },
    {
      "epoch": 0.35,
      "learning_rate": 0.010400000000000001,
      "loss": 0.0004,
      "step": 480
    },
    {
      "epoch": 0.35,
      "learning_rate": 0.01038,
      "loss": 0.0075,
      "step": 481
    },
    {
      "epoch": 0.35,
      "learning_rate": 0.010360000000000001,
      "loss": 0.0098,
      "step": 482
    },
    {
      "epoch": 0.35,
      "learning_rate": 0.01034,
      "loss": 0.0019,
      "step": 483
    },
    {
      "epoch": 0.35,
      "learning_rate": 0.010320000000000001,
      "loss": 0.0008,
      "step": 484
    },
    {
      "epoch": 0.35,
      "learning_rate": 0.0103,
      "loss": 0.0004,
      "step": 485
    },
    {
      "epoch": 0.35,
      "learning_rate": 0.010280000000000001,
      "loss": 0.0034,
      "step": 486
    },
    {
      "epoch": 0.35,
      "learning_rate": 0.01026,
      "loss": 0.0006,
      "step": 487
    },
    {
      "epoch": 0.35,
      "learning_rate": 0.01024,
      "loss": 0.0042,
      "step": 488
    },
    {
      "epoch": 0.35,
      "learning_rate": 0.01022,
      "loss": 0.0021,
      "step": 489
    },
    {
      "epoch": 0.35,
      "learning_rate": 0.0102,
      "loss": 0.0112,
      "step": 490
    },
    {
      "epoch": 0.35,
      "learning_rate": 0.01018,
      "loss": 0.0009,
      "step": 491
    },
    {
      "epoch": 0.35,
      "learning_rate": 0.01016,
      "loss": 0.0017,
      "step": 492
    },
    {
      "epoch": 0.36,
      "learning_rate": 0.01014,
      "loss": 0.0011,
      "step": 493
    },
    {
      "epoch": 0.36,
      "learning_rate": 0.01012,
      "loss": 0.0005,
      "step": 494
    },
    {
      "epoch": 0.36,
      "learning_rate": 0.0101,
      "loss": 0.0038,
      "step": 495
    },
    {
      "epoch": 0.36,
      "learning_rate": 0.01008,
      "loss": 0.0008,
      "step": 496
    },
    {
      "epoch": 0.36,
      "learning_rate": 0.01006,
      "loss": 0.0019,
      "step": 497
    },
    {
      "epoch": 0.36,
      "learning_rate": 0.01004,
      "loss": 0.0008,
      "step": 498
    },
    {
      "epoch": 0.36,
      "learning_rate": 0.01002,
      "loss": 0.001,
      "step": 499
    },
    {
      "epoch": 0.36,
      "learning_rate": 0.01,
      "loss": 0.0005,
      "step": 500
    }
  ],
  "max_steps": 1000,
  "num_train_epochs": 1,
  "total_flos": 1.249196472532992e+18,
  "trial_name": null,
  "trial_params": null
}
